-- Milestone 5: Data Population

-- Load CUSTOMER data
INSERT INTO CUSTOMER (CustomerID, FirstName, LastName, Phone, Email, Street, City, State, ZipCode) VALUES
(1, 'John', 'Doe', '555-0101', 'johndoe1@example.com', '123 Main St', 'Springfield', 'IL', '62701'),
(2, 'Jane', 'Smith', '555-0102', 'janesmith2@example.com', '456 Oak Ave', 'Springfield', 'IL', '62701'),
(3, 'Michael', 'Johnson', '555-0103', 'mjohnson3@example.com', '789 Pine Rd', 'Springfield', 'IL', '62702'),
(4, 'Emily', 'Davis', '555-0104', 'edavis4@example.com', '321 Elm St', 'Springfield', 'IL', '62702'),
(5, 'William', 'Brown', '555-0105', 'wbrown5@example.com', '654 Maple Dr', 'Springfield', 'IL', '62703'),
(6, 'Olivia', 'Jones', '555-0106', 'ojones6@example.com', '987 Cedar Ln', 'Springfield', 'IL', '62703'),
(7, 'James', 'Garcia', '555-0107', 'jgarcia7@example.com', '135 Birch Blvd', 'Springfield', 'IL', '62704'),
(8, 'Sophia', 'Miller', '555-0108', 'smiller8@example.com', '246 Spruce Way', 'Springfield', 'IL', '62704'),
(9, 'Benjamin', 'Martinez', '555-0109', 'bmartinez9@example.com', '357 Ash Ct', 'Springfield', 'IL', '62705'),
(10, 'Isabella', 'Rodriguez', '555-0110', 'irodriguez10@example.com', '468 Walnut Pl', 'Springfield', 'IL', '62705'),
(11, 'Lucas', 'Hernandez', '555-0111', 'lhernandez11@example.com', '579 Cherry St', 'Springfield', 'IL', '62706'),
(12, 'Mia', 'Lopez', '555-0112', 'mlopez12@example.com', '680 Poplar Ave', 'Springfield', 'IL', '62706'),
(13, 'Henry', 'Gonzalez', '555-0113', 'hgonzalez13@example.com', '791 Willow Rd', 'Springfield', 'IL', '62707'),
(14, 'Amelia', 'Wilson', '555-0114', 'awilson14@example.com', '802 Sycamore Dr', 'Springfield', 'IL', '62707'),
(15, 'Alexander', 'Anderson', '555-0115', 'aanderson15@example.com', '913 Cypress Ln', 'Springfield', 'IL', '62708'),
(16, 'Harper', 'Thomas', '555-0116', 'hthomas16@example.com', '124 Beech Blvd', 'Springfield', 'IL', '62708'),
(17, 'Sebastian', 'Taylor', '555-0117', 'staylor17@example.com', '235 Hickory Way', 'Springfield', 'IL', '62709'),
(18, 'Evelyn', 'Moore', '555-0118', 'emoore18@example.com', '346 Chestnut Ct', 'Springfield', 'IL', '62709'),
(19, 'Matthew', 'Jackson', '555-0119', 'mjackson19@example.com', '457 Redwood Pl', 'Springfield', 'IL', '62710'),
(20, 'Abigail', 'Martin', '555-0120', 'amartin20@example.com', '568 Sequoia St', 'Springfield', 'IL', '62710'),
(21, 'Samuel', 'Lee', '555-0121', 'slee21@example.com', '679 Fir Ave', 'Springfield', 'IL', '62711'),
(22, 'Ella', 'Perez', '555-0122', 'eperez22@example.com', '780 Magnolia Rd', 'Springfield', 'IL', '62711'),
(23, 'David', 'Thompson', '555-0123', 'dthompson23@example.com', '891 Dogwood Dr', 'Springfield', 'IL', '62712'),
(24, 'Elizabeth', 'White', '555-0124', 'ewhite24@example.com', '902 Alder Ln', 'Springfield', 'IL', '62712'),
(25, 'Joseph', 'Harris', '555-0125', 'jharris25@example.com', '136 Aspen Blvd', 'Springfield', 'IL', '62713'),
(26, 'Avery', 'Sanchez', '555-0126', 'asanchez26@example.com', '247 Larch Way', 'Springfield', 'IL', '62713'),
(27, 'Owen', 'Clark', '555-0127', 'oclark27@example.com', '358 Hazel Ct', 'Springfield', 'IL', '62714'),
(28, 'Sofia', 'Ramirez', '555-0128', 'sramirez28@example.com', '469 Linden Pl', 'Springfield', 'IL', '62714'),
(29, 'Daniel', 'Lewis', '555-0129', 'dlewis29@example.com', '570 Palm St', 'Springfield', 'IL', '62715'),
(30, 'Chloe', 'Robinson', '555-0130', 'crobinson30@example.com', '681 Olive Ave', 'Springfield', 'IL', '62715'),
(31, 'Wyatt', 'Walker', '555-0131', 'wwalker31@example.com', '792 Pecan Rd', 'Springfield', 'IL', '62716'),
(32, 'Victoria', 'Young', '555-0132', 'vyoung32@example.com', '803 Acacia Dr', 'Springfield', 'IL', '62716'),
(33, 'Jayden', 'Allen', '555-0133', 'jallen33@example.com', '914 Banyan Ln', 'Springfield', 'IL', '62717'),
(34, 'Madison', 'King', '555-0134', 'mking34@example.com', '125 Baobab Blvd', 'Springfield', 'IL', '62717'),
(35, 'Gabriel', 'Wright', '555-0135', 'gwright35@example.com', '236 Cottonwood Way', 'Springfield', 'IL', '62718'),
(36, 'Scarlett', 'Scott', '555-0136', 'sscott36@example.com', '347 Juniper Ct', 'Springfield', 'IL', '62718'),
(37, 'Carter', 'Torres', '555-0137', 'ctorres37@example.com', '458 Holly Pl', 'Springfield', 'IL', '62719'),
(38, 'Aria', 'Nguyen', '555-0138', 'anguyen38@example.com', '569 Laurel St', 'Springfield', 'IL', '62719'),
(39, 'Luke', 'Hill', '555-0139', 'lhill39@example.com', '670 Yew Ave', 'Springfield', 'IL', '62720'),
(40, 'Grace', 'Flores', '555-0140', 'gflores40@example.com', '781 Teak Rd', 'Springfield', 'IL', '62720'),
(41, 'Isaac', 'Green', '555-0141', 'igreen41@example.com', '892 Mahogany Dr', 'Springfield', 'IL', '62721'),
(42, 'Chloe', 'Adams', '555-0142', 'cadams42@example.com', '903 Ebony Ln', 'Springfield', 'IL', '62721'),
(43, 'Anthony', 'Nelson', '555-0143', 'anelson43@example.com', '137 Ironwood Blvd', 'Springfield', 'IL', '62722'),
(44, 'Riley', 'Baker', '555-0144', 'rbaker44@example.com', '248 Rosewood Way', 'Springfield', 'IL', '62722'),
(45, 'Dylan', 'Hall', '555-0145', 'dhall45@example.com', '359 Sandalwood Ct', 'Springfield', 'IL', '62723'),
(46, 'Lily', 'Rivera', '555-0146', 'lrivera46@example.com', '470 Teak Pl', 'Springfield', 'IL', '62723'),
(47, 'Lincoln', 'Campbell', '555-0147', 'lcampbell47@example.com', '581 Bamboo St', 'Springfield', 'IL', '62724'),
(48, 'Hannah', 'Mitchell', '555-0148', 'hmitchell48@example.com', '692 Ginkgo Ave', 'Springfield', 'IL', '62724'),
(49, 'Julian', 'Carter', '555-0149', 'jcarter49@example.com', '803 Maple Rd', 'Springfield', 'IL', '62725'),
(50, 'Zoey', 'Roberts', '555-0150', 'zroberts50@example.com', '914 Birch Dr', 'Springfield', 'IL', '62725');

-- Load VEHICLE data
INSERT INTO VEHICLE (VehicleID, RegNo, Make, ModelName, Year, CustomerID) VALUES
(1, 'XYZ-1001', 'Toyota', 'Camry', 2018, 1),
(2, 'ABC-2002', 'Honda', 'Civic', 2019, 2),
(3, 'LMN-3003', 'Ford', 'Focus', 2017, 3),
(4, 'PQR-4004', 'Chevrolet', 'Malibu', 2020, 4),
(5, 'DEF-5005', 'Nissan', 'Altima', 2016, 5),
(6, 'UVW-6006', 'Hyundai', 'Elantra', 2021, 6),
(7, 'GHI-7007', 'Kia', 'Forte', 2018, 7),
(8, 'RST-8008', 'Subaru', 'Impreza', 2019, 8),
(9, 'JKL-9009', 'Volkswagen', 'Jetta', 2020, 9),
(10, 'MNO-1010', 'Toyota', 'Corolla', 2017, 10),
(11, 'VWX-2020', 'Honda', 'Accord', 2022, 11),
(12, 'YZA-3030', 'Ford', 'Fusion', 2015, 12),
(13, 'BCD-4040', 'Chevrolet', 'Cruze', 2018, 13),
(14, 'EFG-5050', 'Nissan', 'Sentra', 2019, 14),
(15, 'HIJ-6060', 'Hyundai', 'Sonata', 2020, 15),
(16, 'KLM-7070', 'Kia', 'Optima', 2016, 16),
(17, 'NOP-8080', 'Subaru', 'Legacy', 2021, 17),
(18, 'QRS-9090', 'Volkswagen', 'Passat', 2018, 18),
(19, 'TUV-0101', 'Toyota', 'Highlander', 2019, 19),
(20, 'WXY-1212', 'Honda', 'CR-V', 2020, 20),
(21, 'ZAB-2323', 'Ford', 'Escape', 2017, 21),
(22, 'CDE-3434', 'Chevrolet', 'Equinox', 2022, 22),
(23, 'FGH-4545', 'Nissan', 'Rogue', 2015, 23),
(24, 'IJK-5656', 'Hyundai', 'Tucson', 2018, 24),
(25, 'LMN-6767', 'Kia', 'Sportage', 2019, 25),
(26, 'OPQ-7878', 'Subaru', 'Forester', 2020, 26),
(27, 'RST-8989', 'Volkswagen', 'Tiguan', 2016, 27),
(28, 'UVW-9090', 'Toyota', 'RAV4', 2021, 28),
(29, 'XYZ-0110', 'Honda', 'Pilot', 2018, 29),
(30, 'ABC-1221', 'Ford', 'Explorer', 2019, 30),
(31, 'DEF-2332', 'Chevrolet', 'Tahoe', 2020, 31),
(32, 'GHI-3443', 'Nissan', 'Pathfinder', 2017, 32),
(33, 'JKL-4554', 'Hyundai', 'Santa Fe', 2022, 33),
(34, 'MNO-5665', 'Kia', 'Sorento', 2015, 34),
(35, 'PQR-6776', 'Subaru', 'Outback', 2018, 35),
(36, 'STU-7887', 'Volkswagen', 'Atlas', 2019, 36),
(37, 'VWX-8998', 'Toyota', 'Sienna', 2020, 37),
(38, 'YZA-9009', 'Honda', 'Odyssey', 2016, 38),
(39, 'BCD-0111', 'Ford', 'Mustang', 2021, 39),
(40, 'EFG-1222', 'Chevrolet', 'Camaro', 2018, 40),
(41, 'HIJ-2333', 'Nissan', 'Maxima', 2019, 41),
(42, 'KLM-3444', 'Hyundai', 'Kona', 2020, 42),
(43, 'NOP-4555', 'Kia', 'Soul', 2017, 43),
(44, 'QRS-5666', 'Subaru', 'Crosstrek', 2022, 44),
(45, 'TUV-6777', 'Volkswagen', 'Golf', 2015, 45),
(46, 'WXY-7888', 'Toyota', 'Prius', 2018, 46),
(47, 'ZAB-8999', 'Honda', 'Fit', 2019, 47),
(48, 'CDE-9000', 'Ford', 'Fiesta', 2020, 48),
(49, 'FGH-0112', 'Chevrolet', 'Spark', 2016, 49),
(50, 'IJK-1223', 'Nissan', 'Versa', 2021, 50);

-- Load MECHANIC data
INSERT INTO MECHANIC (MechanicID, FirstName, LastName, SkillLevel, Contact) VALUES
(1, 'Robert', 'Smith', 'Master', '555-9101'),
(2, 'William', 'Johnson', 'Senior', '555-9102'),
(3, 'David', 'Williams', 'Intermediate', '555-9103'),
(4, 'Richard', 'Brown', 'Junior', '555-9104'),
(5, 'Charles', 'Jones', 'Senior', '555-9105'),
(6, 'Joseph', 'Garcia', 'Master', '555-9106'),
(7, 'Thomas', 'Miller', 'Intermediate', '555-9107'),
(8, 'Christopher', 'Davis', 'Junior', '555-9108'),
(9, 'Daniel', 'Rodriguez', 'Senior', '555-9109'),
(10, 'Paul', 'Martinez', 'Master', '555-9110'),
(11, 'Mark', 'Hernandez', 'Intermediate', '555-9111'),
(12, 'Donald', 'Lopez', 'Junior', '555-9112'),
(13, 'George', 'Gonzalez', 'Senior', '555-9113'),
(14, 'Kenneth', 'Wilson', 'Master', '555-9114'),
(15, 'Steven', 'Anderson', 'Intermediate', '555-9115'),
(16, 'Edward', 'Thomas', 'Junior', '555-9116'),
(17, 'Brian', 'Taylor', 'Senior', '555-9117'),
(18, 'Ronald', 'Moore', 'Master', '555-9118'),
(19, 'Anthony', 'Jackson', 'Intermediate', '555-9119'),
(20, 'Kevin', 'Martin', 'Junior', '555-9120'),
(21, 'Jason', 'Lee', 'Senior', '555-9121'),
(22, 'Matthew', 'Perez', 'Master', '555-9122'),
(23, 'Gary', 'Thompson', 'Intermediate', '555-9123'),
(24, 'Timothy', 'White', 'Junior', '555-9124'),
(25, 'Jose', 'Harris', 'Senior', '555-9125'),
(26, 'Larry', 'Sanchez', 'Master', '555-9126'),
(27, 'Jeffrey', 'Clark', 'Intermediate', '555-9127'),
(28, 'Frank', 'Ramirez', 'Junior', '555-9128'),
(29, 'Scott', 'Lewis', 'Senior', '555-9129'),
(30, 'Eric', 'Robinson', 'Master', '555-9130'),
(31, 'Stephen', 'Walker', 'Intermediate', '555-9131'),
(32, 'Andrew', 'Young', 'Junior', '555-9132'),
(33, 'Raymond', 'Allen', 'Senior', '555-9133'),
(34, 'Gregory', 'King', 'Master', '555-9134'),
(35, 'Joshua', 'Wright', 'Intermediate', '555-9135'),
(36, 'Jerry', 'Scott', 'Junior', '555-9136'),
(37, 'Dennis', 'Torres', 'Senior', '555-9137'),
(38, 'Walter', 'Nguyen', 'Master', '555-9138'),
(39, 'Patrick', 'Hill', 'Intermediate', '555-9139'),
(40, 'Peter', 'Flores', 'Junior', '555-9140'),
(41, 'Harold', 'Green', 'Senior', '555-9141'),
(42, 'Douglas', 'Adams', 'Master', '555-9142'),
(43, 'Henry', 'Nelson', 'Intermediate', '555-9143'),
(44, 'Carl', 'Baker', 'Junior', '555-9144'),
(45, 'Arthur', 'Hall', 'Senior', '555-9145'),
(46, 'Ryan', 'Rivera', 'Master', '555-9146'),
(47, 'Roger', 'Campbell', 'Intermediate', '555-9147'),
(48, 'Joe', 'Mitchell', 'Junior', '555-9148'),
(49, 'Juan', 'Carter', 'Senior', '555-9149'),
(50, 'Jack', 'Roberts', 'Master', '555-9150');

-- Load SERVICE_JOB data
INSERT INTO SERVICE_JOB (JobID, Date, Status, LaborCost, VehicleID, MechanicID) VALUES
(1, '2026-05-01', 'Completed', 150.00, 1, 1),
(2, '2026-05-02', 'Completed', 200.00, 2, 2),
(3, '2026-05-03', 'In Progress', 75.50, 3, 3),
(4, '2026-05-04', 'Pending', 120.00, 4, 4),
(5, '2026-05-05', 'Completed', 300.00, 5, 5),
(6, '2026-05-06', 'Completed', 90.00, 6, 6),
(7, '2026-05-07', 'In Progress', 180.00, 7, 7),
(8, '2026-05-08', 'Completed', 210.00, 8, 8),
(9, '2026-05-09', 'Pending', 160.00, 9, 9),
(10, '2026-05-10', 'Completed', 250.00, 10, 10),
(11, '2026-05-11', 'Completed', 140.00, 11, 11),
(12, '2026-05-12', 'In Progress', 190.00, 12, 12),
(13, '2026-05-13', 'Completed', 310.00, 13, 13),
(14, '2026-05-14', 'Pending', 110.00, 14, 14),
(15, '2026-05-15', 'Completed', 175.00, 15, 15),
(16, '2026-05-01', 'Completed', 220.00, 16, 16),
(17, '2026-05-02', 'In Progress', 80.00, 17, 17),
(18, '2026-05-03', 'Completed', 150.00, 18, 18),
(19, '2026-05-04', 'Pending', 130.00, 19, 19),
(20, '2026-05-05', 'Completed', 280.00, 20, 20),
(21, '2026-05-06', 'Completed', 95.00, 21, 21),
(22, '2026-05-07', 'In Progress', 185.00, 22, 22),
(23, '2026-05-08', 'Completed', 215.00, 23, 23),
(24, '2026-05-09', 'Pending', 165.00, 24, 24),
(25, '2026-05-10', 'Completed', 255.00, 25, 25),
(26, '2026-05-11', 'Completed', 145.00, 26, 26),
(27, '2026-05-12', 'In Progress', 195.00, 27, 27),
(28, '2026-05-13', 'Completed', 315.00, 28, 28),
(29, '2026-05-14', 'Pending', 115.00, 29, 29),
(30, '2026-05-15', 'Completed', 180.00, 30, 30),
(31, '2026-05-01', 'Completed', 225.00, 31, 31),
(32, '2026-05-02', 'In Progress', 85.00, 32, 32),
(33, '2026-05-03', 'Completed', 155.00, 33, 33),
(34, '2026-05-04', 'Pending', 135.00, 34, 34),
(35, '2026-05-05', 'Completed', 285.00, 35, 35),
(36, '2026-05-06', 'Completed', 100.00, 36, 36),
(37, '2026-05-07', 'In Progress', 190.00, 37, 37),
(38, '2026-05-08', 'Completed', 220.00, 38, 38),
(39, '2026-05-09', 'Pending', 170.00, 39, 39),
(40, '2026-05-10', 'Completed', 260.00, 40, 40),
(41, '2026-05-11', 'Completed', 150.00, 41, 41),
(42, '2026-05-12', 'In Progress', 200.00, 42, 42),
(43, '2026-05-13', 'Completed', 320.00, 43, 43),
(44, '2026-05-14', 'Pending', 120.00, 44, 44),
(45, '2026-05-15', 'Completed', 185.00, 45, 45),
(46, '2026-05-01', 'Completed', 230.00, 46, 46),
(47, '2026-05-02', 'In Progress', 90.00, 47, 47),
(48, '2026-05-03', 'Completed', 160.00, 48, 48),
(49, '2026-05-04', 'Pending', 140.00, 49, 49),
(50, '2026-05-05', 'Completed', 290.00, 50, 50);

-- Load SPARE_PART data
INSERT INTO SPARE_PART (PartID, Name, Quantity, UnitPrice) VALUES
(1, 'Oil Filter', 150, 15.99),
(2, 'Air Filter', 120, 25.50),
(3, 'Brake Pads (Front)', 80, 45.00),
(4, 'Brake Pads (Rear)', 80, 42.00),
(5, 'Spark Plug', 300, 8.50),
(6, 'Battery 12V', 40, 120.00),
(7, 'Wiper Blades', 200, 18.75),
(8, 'Headlight Bulb', 150, 22.00),
(9, 'Taillight Bulb', 150, 15.00),
(10, 'Alternator', 20, 250.00),
(11, 'Starter Motor', 25, 180.00),
(12, 'Timing Belt', 50, 65.00),
(13, 'Serpentine Belt', 60, 35.00),
(14, 'Water Pump', 30, 85.00),
(15, 'Radiator', 15, 320.00),
(16, 'Thermostat', 80, 28.00),
(17, 'Fuel Filter', 100, 30.00),
(18, 'Fuel Pump', 25, 150.00),
(19, 'Ignition Coil', 70, 45.00),
(20, 'Oxygen Sensor', 60, 75.00),
(21, 'Mass Air Flow Sensor', 40, 110.00),
(22, 'Catalytic Converter', 10, 450.00),
(23, 'Muffler', 20, 130.00),
(24, 'Exhaust Pipe', 25, 90.00),
(25, 'Shock Absorber (Front)', 50, 85.00),
(26, 'Shock Absorber (Rear)', 50, 85.00),
(27, 'Strut Assembly', 40, 140.00),
(28, 'Control Arm', 35, 95.00),
(29, 'Tie Rod End', 70, 35.00),
(30, 'Ball Joint', 60, 40.00),
(31, 'Wheel Bearing', 80, 55.00),
(32, 'CV Joint', 45, 70.00),
(33, 'Axle Shaft', 30, 120.00),
(34, 'Clutch Kit', 15, 280.00),
(35, 'Flywheel', 10, 350.00),
(36, 'Transmission Fluid (1Qt)', 250, 9.50),
(37, 'Engine Oil (5W-30 1Qt)', 400, 6.50),
(38, 'Engine Oil (0W-20 1Qt)', 300, 7.00),
(39, 'Coolant/Antifreeze (1Gal)', 150, 18.00),
(40, 'Brake Fluid (1Pt)', 120, 8.00),
(41, 'Power Steering Fluid (1Pt)', 100, 7.50),
(42, 'Windshield Washer Fluid (1Gal)', 200, 4.50),
(43, 'Cabin Air Filter', 110, 22.00),
(44, 'PCV Valve', 80, 12.00),
(45, 'EGR Valve', 30, 85.00),
(46, 'Throttle Body', 20, 180.00),
(47, 'Fuel Injector', 60, 55.00),
(48, 'Gasket Set', 45, 45.00),
(49, 'Valve Cover Gasket', 70, 25.00),
(50, 'Oil Pan Gasket', 60, 30.00);

-- Load SERVICE_PARTS junction data
INSERT INTO SERVICE_PARTS (JobID, PartID, QuantityUsed) VALUES
(1, 37, 5), (1, 1, 1), (2, 3, 2), (2, 4, 2), (3, 6, 1), (4, 5, 4), (5, 10, 1), 
(5, 13, 1), (6, 7, 2), (6, 42, 1), (7, 12, 1), (7, 14, 1), (8, 15, 1), (8, 39, 2), 
(9, 8, 2), (9, 9, 2), (10, 25, 2), (10, 26, 2), (11, 38, 5), (11, 1, 1), (12, 43, 1), 
(12, 2, 1), (13, 34, 1), (13, 35, 1), (14, 17, 1), (14, 18, 1), (15, 19, 4), 
(16, 22, 1), (16, 23, 1), (17, 20, 2), (18, 31, 2), (18, 32, 2), (19, 28, 2), 
(19, 29, 2), (20, 11, 1), (21, 16, 1), (21, 39, 1), (22, 40, 2), (23, 36, 4), 
(24, 41, 2), (25, 48, 1), (26, 49, 1), (27, 50, 1), (28, 47, 4), (29, 46, 1), 
(30, 45, 1), (31, 44, 1), (32, 27, 2), (33, 30, 2), (34, 33, 1), (35, 24, 1), 
(36, 21, 1), (37, 37, 6), (37, 1, 1), (38, 3, 2), (39, 6, 1), (40, 5, 6), (41, 10, 1), 
(42, 7, 2), (43, 12, 1), (44, 15, 1), (45, 8, 2), (46, 25, 2), (47, 38, 4), 
(48, 43, 1), (49, 34, 1), (50, 17, 1);

-- Load INVOICE data
INSERT INTO INVOICE (InvoiceID, Date, PaymentStatus, PaymentMethod, JobID) VALUES
(1, '2026-05-02', 'Paid', 'Credit Card', 1),
(2, '2026-05-03', 'Paid', 'Cash', 2),
(3, '2026-05-04', 'Unpaid', 'N/A', 3),
(4, '2026-05-05', 'Unpaid', 'N/A', 4),
(5, '2026-05-06', 'Paid', 'Debit Card', 5),
(6, '2026-05-07', 'Paid', 'Credit Card', 6),
(7, '2026-05-08', 'Unpaid', 'N/A', 7),
(8, '2026-05-09', 'Paid', 'Bank Transfer', 8),
(9, '2026-05-10', 'Unpaid', 'N/A', 9),
(10, '2026-05-11', 'Paid', 'Credit Card', 10),
(11, '2026-05-12', 'Paid', 'Cash', 11),
(12, '2026-05-13', 'Unpaid', 'N/A', 12),
(13, '2026-05-14', 'Paid', 'Debit Card', 13),
(14, '2026-05-15', 'Unpaid', 'N/A', 14),
(15, '2026-05-16', 'Paid', 'Credit Card', 15),
(16, '2026-05-02', 'Paid', 'Credit Card', 16),
(17, '2026-05-03', 'Unpaid', 'N/A', 17),
(18, '2026-05-04', 'Paid', 'Cash', 18),
(19, '2026-05-05', 'Unpaid', 'N/A', 19),
(20, '2026-05-06', 'Paid', 'Debit Card', 20),
(21, '2026-05-07', 'Paid', 'Credit Card', 21),
(22, '2026-05-08', 'Unpaid', 'N/A', 22),
(23, '2026-05-09', 'Paid', 'Bank Transfer', 23),
(24, '2026-05-10', 'Unpaid', 'N/A', 24),
(25, '2026-05-11', 'Paid', 'Credit Card', 25),
(26, '2026-05-12', 'Paid', 'Cash', 26),
(27, '2026-05-13', 'Unpaid', 'N/A', 27),
(28, '2026-05-14', 'Paid', 'Debit Card', 28),
(29, '2026-05-15', 'Unpaid', 'N/A', 29),
(30, '2026-05-16', 'Paid', 'Credit Card', 30),
(31, '2026-05-02', 'Paid', 'Credit Card', 31),
(32, '2026-05-03', 'Unpaid', 'N/A', 32),
(33, '2026-05-04', 'Paid', 'Cash', 33),
(34, '2026-05-05', 'Unpaid', 'N/A', 34),
(35, '2026-05-06', 'Paid', 'Debit Card', 35),
(36, '2026-05-07', 'Paid', 'Credit Card', 36),
(37, '2026-05-08', 'Unpaid', 'N/A', 37),
(38, '2026-05-09', 'Paid', 'Bank Transfer', 38),
(39, '2026-05-10', 'Unpaid', 'N/A', 39),
(40, '2026-05-11', 'Paid', 'Credit Card', 40),
(41, '2026-05-12', 'Paid', 'Cash', 41),
(42, '2026-05-13', 'Unpaid', 'N/A', 42),
(43, '2026-05-14', 'Paid', 'Debit Card', 43),
(44, '2026-05-15', 'Unpaid', 'N/A', 44),
(45, '2026-05-16', 'Paid', 'Credit Card', 45),
(46, '2026-05-02', 'Paid', 'Credit Card', 46),
(47, '2026-05-03', 'Unpaid', 'N/A', 47),
(48, '2026-05-04', 'Paid', 'Cash', 48),
(49, '2026-05-05', 'Unpaid', 'N/A', 49),
(50, '2026-05-06', 'Paid', 'Debit Card', 50);
